Workbook

Sheet How to use
A1: How to use this sheet
A2: Fill in | B2: Only the yellow columns on 'Test cases': Actual outcome, Result, Investigation ID, Evidence, Notes.
A3: Evidence screenshots | B3: Click the Evidence cell, then Insert > Pictures > Place in Cell (Excel 365) so the image stays with its row when sorting/filtering. Older Excel: Insert > Pictures, then resize it to fit the cell. Rows are tall enough for a readable screenshot.
A4: Result values | B4: Pass = matches the expected outcome and behaviour; Fail = does not; Retest = rerun needed (e.g. rate-limit wait); Blocked = could not run (e.g. Elasticsearch not started).
A5: Investigation ID | B5: Shown under the question in the app (e.g. inv_9de4779818a9). Note it in the Actual outcome cell for failing cases so the run can be analysed.
A6: Uploading | B6: 'With the question' = '+ Attach a document' before submitting. 'When asked' = the file picker in the 'The agent needs something from you' card.
A7: Order | B7: Run in sheet order: 21 needs 13 first; do 20's interruption on the first run of that file; 23 and 24 change the setup (search / model stopped), so they come last.
A8: Pacing | B8: No rate limits with the local model; allow ~30 s after starting the API while the model loads.
A9: Paths | B9: Upload paths are relative to D:\AgenticRAG.
A11: Example of a filled row
A12: Actual outcome | B12: ANSWERED
A13: Result | B13: Pass
A14: Evidence (screenshot) | B14: [screenshot of the answer card with the e# citation drawer open]
A16: Revision | B16: Revised 29 Oct 2026: two cases removed from the first sheet ('Is the warranty 12 or 24 months?' and 'Retail price of a new X200?'); cases numbered 1-24 in the original order, references to other cases updated, upload paths for 14 and 16 corrected, 20 and 24 updated.

Sheet Test cases
A1: # | B1: Category | C1: Scenario | D1: Question to type | E1: Upload file | F1: When to upload | G1: Expected outcome | H1: Expected behaviour / what to check | I1: Actual outcome | J1: Result | K1: Evidence (screenshot)
A2: 1 | B2: Answered | C2: Simple lookup | D2: How long does the Acme lease run? | G2: ANSWERED | H2: 36 months, cited to the contract (section 2).
A3: 2 | B3: Answered | C3: Table lookup | D3: What does error E05 mean on the X200? | G3: ANSWERED | H3: Phase loss; check the supply. Cites X200 manual section 6.
A4: 3 | B4: Answered | C4: Yes/no question | D4: Is damage from a lightning strike covered? | G4: ANSWERED | H4: No - it is an exclusion (policy section 4).
A5: 4 | B5: Answered | C5: Casual wording | D5: my pump broke, how many days do i have to report it? | G5: ANSWERED | H5: 30 days from the failure (policy section 7 / 12).
A6: 5 | B6: Answered | C6: Answer across two documents | D6: What is required when installing an X200? | G6: ANSWERED | H6: Certified installer, level concrete base, isolation and non-return valves, dry-run switch, motor protection breaker. Cites the policy and the X200 manual.
A7: 6 | B7: Answered with caveats | C7: Part of the answer missing | D7: Compare the specifications of the X100, X200 and X300 in a table | G7: ANSWERED_WITH_CAVEATS | H7: Table for X200 and X300; caveat that the documents have no X100 specifications.
A8: 7 | B8: Answered | C8: Version / effective date | D8: Does a pump bought in 2024 fall under the amendment? | G8: ANSWERED | H8: No - units bought before 1 Jan 2025 keep the original section 2.
A9: 8 | B9: Insufficient evidence | C9: Unknown product | D9: What is the warranty on the Aquaflow X900? | G9: INSUFFICIENT_EVIDENCE | H9: "The documents do not cover X900"; no policy text applied to it.
A10: 9 | B10: Insufficient evidence | C10: Out of scope | D10: What will the weather be in Leeds tomorrow? | G10: INSUFFICIENT_EVIDENCE | H10: Clean refusal, no citations.
A11: 10a | B11: Missing info | C11: Agent asks for missing information | D11: Is the motor seizure of Acme Facilities' Aquaflow X200 pump (serial AQ-X200-55871) on 14 March 2026 covered under warranty? | G11: NEEDS_INPUT | H11: After searching and reading the scanned contract page, asks for the receipt / purchase date.
A12: 10b | B12: Missing info | C12: Final answer when you cannot supply it | D12: (in 10a's reply card) I don't have the receipt | G12: MISSING_INFO | H12: Explains that the purchase date decides it (12-month window); does not ask again.
A13: 11a | B13: Missing info | C13: Requirement vs fact | D13: Was Acme's X200 installed by an Aquaflow Certified Installer? | G13: NEEDS_INPUT or MISSING_INFO | H13: Cites the requirement (policy 5.2) but says no document records who installed it; asks you or explains.
A14: 11b | B14: Answered from upload | C14: Upload fills the gap; no OCR needed | D14: (reply in 11a's card; if 11a finished without asking, re-ask 11a's question with the file attached) | E14: samples\test_uploads\installation_certificate_x200.pdf | F14: When asked (or with the question) | G14: ANSWERED | H14: Yes: D. Okafor, ACI-2291, 22 March 2025. Timeline starts with automatic steps reading the certificate; upload notice says OCR: none (text layer used).
A15: 12 | B15: Answered with caveats | C15: Answer resting on your typed reply | D15: Is the motor seizure of Acme Facilities' Aquaflow X200 pump (serial AQ-X200-55871) on 14 March 2026 covered under warranty? -> when asked, type: It was bought on 20 March 2025 | G15: ANSWERED_WITH_CAVEATS | H15: Covered; source shown as 'Your reply' (USER_STATED) with a caveat that no document confirms the date.
A16: 13 | B16: Answered from upload | C16: Clean receipt: covered | D16: Is the motor seizure of Acme Facilities' Aquaflow X200 pump (serial AQ-X200-55871) on 14 March 2026 covered under warranty? | E16: samples\test_uploads\receipt_x200_clean_covered.png | F16: When asked | G16: ANSWERED (or WITH_CAVEATS) | H16: Covered: bought 20-03-2025; Schedule B = COMMERCIAL, so 12 months (amendment) -> until 20-03-2026, which includes the 14 March 2026 failure. The answer should also say labour is NOT covered (commercial units: labour only for the first 6 months), so parts only. | I16: ANSWERED, No caveats Did include caveats on a re-run explicitly asking for caveats
A17: 14 | B17: Answered from upload | C17: Clean receipt: not covered | D17: Is the motor seizure of Acme Facilities' Aquaflow X200 pump (serial AQ-X200-55871) on 14 March 2026 covered under warranty? | E17: samples\test_uploads\receipt_x200_clean_expired.png | F17: When asked | G17: ANSWERED | H17: Not covered: bought 05-03-2025, commercial -> 12 months -> warranty ended 05-03-2026, before the 14 March 2026 failure. The smudged receipt number does not matter (it is not used).
A18: 15 | B18: Insufficient evidence | C18: Uncertain OCR: blurred receipt | D18: Is the motor seizure of Acme Facilities' Aquaflow X200 pump (serial AQ-X200-55871) on 14 March 2026 covered under warranty? | E18: samples\test_uploads\receipt_x200_blurred.png | F18: When asked | G18: INSUFFICIENT_EVIDENCE | H18: Date read with low OCR confidence (UNVERIFIED); asks for a clearer copy. Citation drawer highlights the words.
A19: 16 | B19: Insufficient evidence | C19: Uncertain OCR: one smudged digit | D19: Is the motor seizure of Acme Facilities' Aquaflow X200 pump (serial AQ-X200-55871) on 14 March 2026 covered under warranty? | E19: samples\test_uploads\receipt_x200_smudged_digit.png | F19: When asked | G19: INSUFFICIENT_EVIDENCE | H19: The smudged digit decides the verdict: 12-03-2025 would have expired 12-03-2026 (not covered), 17-03-2025 runs to 17-03-2026 (covered). So no verdict; asks for a clearer copy.
A20: 17 | B20: Misleading evidence | C20: Receipt for a different pump | D20: Is the motor seizure of Acme Facilities' Aquaflow X200 pump (serial AQ-X200-55871) on 14 March 2026 covered under warranty? | E20: samples\test_uploads\receipt_x200_wrong_serial.png | F20: When asked | G20: MISSING_INFO or INSUFFICIENT_EVIDENCE | H20: Refuses to use it: the receipt is for AQ-X200-60112 (Bexley Dairies), not Acme's unit. (Model judgement - rerun once if it misses.)
A21: 18 | B21: Conflict | C21: Unresolvable conflict between records | D21: Is the motor seizure of Acme Facilities' Aquaflow X200 pump (serial AQ-X200-55871) on 14 March 2026 covered under warranty? | E21: samples\test_uploads\purchase_records_conflicting.pdf | F21: When asked | G21: CONFLICT | H21: Two purchase dates (20 Mar vs 2 Feb 2025) give opposite verdicts; cites both pages, does not pick one. (Model judgement - rerun once if it misses.)
A22: 19 | B22: Answered from upload | C22: Answer only possible from an upload | D22: Is the X300 pump with serial AQ-X300-10457 still under warranty on 1 October 2026? | E22: samples\test_uploads\warranty_card_x300.png | F22: With the question | G22: ANSWERED_WITH_CAVEATS | H22: Yes: 36-month Extended Care from 02-09-2024 (to 02-09-2027); caveat that the annual service is not evidenced.
A23: 20 | B23: Reliability | C23: Multi-page scan + interrupt and resume | D23: When were the bearings on Acme's X200 last regreased, and at how many operating hours? | E23: samples\test_uploads\maintenance_log_x200_scanned.pdf | F23: With the question | G23: INTERRUPTED -> ANSWERED | H23: While it shows 'Scanning ... with OCR', press Ctrl+C TWICE in the uvicorn window (one Ctrl+C waits for the running investigation to finish, which is why it just answered), or close the window. Restart uvicorn and refresh: INTERRUPTED with a Resume button; pages already OCR'd are not redone. After Resume: 15 January 2026 at 8,000 h. Do this on the FIRST run of the file (after a history reset if it was uploaded before). | I23: No interrupted status shown, directly answered when the app was refreshed
A24: 21 | B24: Reliability | C24: Duplicate upload (after step 13) | D24: Is this receipt for Acme's X200? | E24: samples\test_uploads\receipt_x200_clean_covered_COPY.png | F24: With the question | G24: (any) + DUPLICATE badge | H24: Upload notice shows DUPLICATE: same document as step 13 (same bytes, different file name), not processed again. Run after step 13.
A25: 22 | B25: Reliability | C25: Unsupported file type | D25: What is in this file? | E25: samples\test_uploads\unsupported_notes.csv | F25: With the question | G25: Rejected (HTTP 415) | H25: Error under the question box: unsupported file type; nothing added to history.
A26: 23 | B26: Tool failure | C26: Search down | D26: First run: docker compose stop elasticsearch then ask: How long does the Acme lease run? | G26: TOOL_FAILURE | H26: Within a few seconds: 'Search: Elasticsearch could not be reached'; no model call. Afterwards: docker compose start elasticsearch (search works again ~20 s later).
A27: 24 | B27: Tool failure | C27: Language model down | D27: Quit Ollama (tray icon -> Quit), then ask: How long does the Acme lease run? | G27: TOOL_FAILURE | H27: TOOL_FAILURE within seconds: 'Language model: Ollama is not reachable...'. Not 'no information'. Start Ollama again afterwards.

Sheet Summary
A1: Test run summary
A3: Rows (24 cases; 10 and 11 have parts a and b) | B3: =COUNTA('Test cases'!A2:A27) -> 26
A4: Pass | B4: =COUNTIF('Test cases'!J2:J27,"Pass") -> 0
A5: Fail | B5: =COUNTIF('Test cases'!J2:J27,"Fail") -> 0
A6: Retest | B6: =COUNTIF('Test cases'!J2:J27,"Retest") -> 0
A7: Blocked | B7: =COUNTIF('Test cases'!J2:J27,"Blocked") -> 0
A8: Not run yet | B8: =B3-SUM(B4:B7) -> 26
A9: Pass rate (of run) | B9: =IFERROR(B4/SUM(B4:B7),0) -> 0
A11: Passes per category
A12: Category | B12: Cases | C12: Pass
A13: Answered | B13: =COUNTIF('Test cases'!B2:B27,A13) -> 6 | C13: =COUNTIFS('Test cases'!B2:B27,A13,'Test cases'!J2:J27,"Pass") -> 0
A14: Answered with caveats | B14: =COUNTIF('Test cases'!B2:B27,A14) -> 2 | C14: =COUNTIFS('Test cases'!B2:B27,A14,'Test cases'!J2:J27,"Pass") -> 0
A15: Contradiction resolved | B15: =COUNTIF('Test cases'!B2:B27,A15) -> 0 | C15: =COUNTIFS('Test cases'!B2:B27,A15,'Test cases'!J2:J27,"Pass") -> 0
A16: Insufficient evidence | B16: =COUNTIF('Test cases'!B2:B27,A16) -> 4 | C16: =COUNTIFS('Test cases'!B2:B27,A16,'Test cases'!J2:J27,"Pass") -> 0
A17: Missing info | B17: =COUNTIF('Test cases'!B2:B27,A17) -> 3 | C17: =COUNTIFS('Test cases'!B2:B27,A17,'Test cases'!J2:J27,"Pass") -> 0
A18: Answered from upload | B18: =COUNTIF('Test cases'!B2:B27,A18) -> 4 | C18: =COUNTIFS('Test cases'!B2:B27,A18,'Test cases'!J2:J27,"Pass") -> 0
A19: Misleading evidence | B19: =COUNTIF('Test cases'!B2:B27,A19) -> 1 | C19: =COUNTIFS('Test cases'!B2:B27,A19,'Test cases'!J2:J27,"Pass") -> 0
A20: Conflict | B20: =COUNTIF('Test cases'!B2:B27,A20) -> 1 | C20: =COUNTIFS('Test cases'!B2:B27,A20,'Test cases'!J2:J27,"Pass") -> 0
A21: Reliability | B21: =COUNTIF('Test cases'!B2:B27,A21) -> 3 | C21: =COUNTIFS('Test cases'!B2:B27,A21,'Test cases'!J2:J27,"Pass") -> 0
A22: Tool failure | B22: =COUNTIF('Test cases'!B2:B27,A22) -> 2 | C22: =COUNTIFS('Test cases'!B2:B27,A22,'Test cases'!J2:J27,"Pass") -> 0
